[
  {
    "tanggal": "22-08-10",
    "infak": "2000000",
    "nama": "Retni Yonti"
  },
  {
    "tanggal": "22-08-10",
    "infak": "2000000",
    "nama": "Monica Y. O."
  },
  {
    "tanggal": "22-09-03",
    "infak": "2000000",
    "nama": "Retni Yonti"
  },
  {
    "tanggal": "22-09-03",
    "infak": "1000000",
    "nama": "Monica Y. O."
  },
  {
    "tanggal": "22-09-03",
    "infak": "5000000",
    "nama": "Masman M. & Tante Yen"
  },
  {
    "tanggal": "22-09-07",
    "infak": "500000",
    "nama": "Risnita Fatma"
  },
  {
    "tanggal": "22-09-07",
    "infak": "1000000",
    "nama": "Musmeinur (almh)"
  },
  {
    "tanggal": "22-09-08",
    "infak": "10000000",
    "nama": "Masman M."
  },
  {
    "tanggal": "22-09-08",
    "infak": "5000000",
    "nama": "Musfa E."
  },
  {
    "tanggal": "22-09-08",
    "infak": "100000",
    "nama": "Deni"
  },
  {
    "tanggal": "22-09-09",
    "infak": "30000000",
    "nama": "Irwandy MA"
  },
  {
    "tanggal": "22-09-15",
    "infak": "20000000",
    "nama": "Klg. Irwandy"
  },
  {
    "tanggal": "22-09-15",
    "infak": "5000000",
    "nama": "Hamba Allah"
  },
  {
    "tanggal": "22-09-16",
    "infak": "1000000",
    "nama": "Noverman"
  },
  {
    "tanggal": "22-09-17",
    "infak": "5000000",
    "nama": "Yarman"
  },
  {
    "tanggal": "22-09-19",
    "infak": "250000",
    "nama": "Desnita MZ"
  },
  {
    "tanggal": "22-09-20",
    "infak": "10000000",
    "nama": "Masman M."
  },
  {
    "tanggal": "22-09-21",
    "infak": "250000",
    "nama": "Masnita F."
  },
  {
    "tanggal": "22-09-22",
    "infak": "250000",
    "nama": "Ellyta F. (Wakaf)"
  },
  {
    "tanggal": "22-09-23",
    "infak": "300000",
    "nama": "Deni"
  },
  {
    "tanggal": "22-09-23",
    "infak": "20000000",
    "nama": "Ady Sasmita"
  },
  {
    "tanggal": "22-09-29",
    "infak": "300000",
    "nama": "Indra Zul"
  },
  {
    "tanggal": "22-10-04",
    "infak": "5000000",
    "nama": "Nurhayati"
  },
  {
    "tanggal": "22-10-18",
    "infak": "5000000",
    "nama": "Yarman Mazni"
  },
  {
    "tanggal": "22-10-24",
    "infak": "15000000",
    "nama": "Kel. Cilandak 17"
  },
  {
    "tanggal": "22-10-28",
    "infak": "5000000",
    "nama": "Alm Yunius AR"
  },
  {
    "tanggal": "22-10-28",
    "infak": "1000000",
    "nama": "Hurianis Mz"
  },
  {
    "tanggal": "22-10-29",
    "infak": "12000000",
    "nama": "NN, khusus pembangunan WC"
  },
  {
    "tanggal": "22-11-01",
    "infak": "500000",
    "nama": "Risnita F."
  },
  {
    "tanggal": "22-11-03",
    "infak": "11500000",
    "nama": "Hamba Allah, khusus pembuatan sumur bor dan pengadaan mesin pompa air"
  },
  {
    "tanggal": "22-11-05",
    "infak": "2000000",
    "nama": "Hamba Allah"
  },
  {
    "tanggal": "22-11-07",
    "infak": "1000000",
    "nama": "Alm. Nurmani Rais"
  },
  {
    "tanggal": "22-11-07",
    "infak": "10000000",
    "nama": "Alm Yunius AR."
  },
  {
    "tanggal": "22-11-07",
    "infak": "10000000",
    "nama": "Monica Y. O."
  },
  {
    "tanggal": "22-11-07",
    "infak": "30000000",
    "nama": "Dr. Yarman Mazni"
  },
  {
    "tanggal": "22-11-07",
    "infak": "2000000",
    "nama": "Taufik (ke rek Yayasan Petty Cash)"
  },
  {
    "tanggal": "22-11-07",
    "infak": "4000000",
    "nama": "Zul Yunus dan alm Musmeinur Mz (ke rek yayasan Petty Cash)"
  },
  {
    "tanggal": "22-11-08",
    "infak": "100000",
    "nama": "Deni"
  },
  {
    "tanggal": "22-11-10",
    "infak": "150000",
    "nama": "Desnita F."
  },
  {
    "tanggal": "22-11-24",
    "infak": "500000",
    "nama": "Hamba Allah"
  },
  {
    "tanggal": "22-11-29",
    "infak": "5000000",
    "nama": "Adisasmita"
  },
  {
    "tanggal": "22-11-30",
    "infak": "4170000",
    "nama": "Adisasmita"
  },
  {
    "tanggal": "22-12-08",
    "infak": "1000000",
    "nama": "Hamba Allah"
  },
  {
    "tanggal": "22-12-12",
    "infak": "500000",
    "nama": "Tek Pia"
  },
  {
    "tanggal": "22-12-12",
    "infak": "200000",
    "nama": "Uni Deni"
  },
  {
    "tanggal": "22-12-15",
    "infak": "500000",
    "nama": "Uni Disthy"
  },
  {
    "tanggal": "22-12-16",
    "infak": "5000000",
    "nama": "alm Musmeinur"
  },
  {
    "tanggal": "22-12-17",
    "infak": "5000000",
    "nama": "Om Mazman"
  },
  {
    "tanggal": "22-12-17",
    "infak": "5000000",
    "nama": "Tante Arjenny"
  },
  {
    "tanggal": "22-12-21",
    "infak": "500000",
    "nama": "Hamba Allah"
  },
  {
    "tanggal": "22-12-22",
    "infak": "500000",
    "nama": "Hamba Allah"
  },
  {
    "tanggal": "22-12-25",
    "infak": "5000000",
    "nama": "Klg. Irwandy"
  },
  {
    "tanggal": "22-12-26",
    "infak": "10000000",
    "nama": "Klg. Irwandy"
  },
  {
    "tanggal": "22-12-26",
    "infak": "500000",
    "nama": "Risnita Fatma"
  },
  {
    "tanggal": "22-12-30",
    "infak": "500000",
    "nama": "Datuk Umar Farouk"
  },
  {
    "tanggal": "22-12-30",
    "infak": "500000",
    "nama": "Nenek Epi Azhari Abbas"
  },
  {
    "tanggal": "22-12-30",
    "infak": "550000",
    "nama": "Hamba Allah"
  },
  {
    "tanggal": "23-01-02",
    "infak": "5000000",
    "nama": "Masman Mazni"
  },
  {
    "tanggal": "23-01-02",
    "infak": "5000000",
    "nama": "Monica"
  },
  {
    "tanggal": "23-01-02",
    "infak": "5000000",
    "nama": "Yarman Mazni"
  },
  {
    "tanggal": "23-01-14",
    "infak": "50000000",
    "nama": "Klg. Irwandy"
  },
  {
    "tanggal": "23-01-27",
    "infak": "1000000",
    "nama": "Musfa Erliati"
  },
  {
    "tanggal": "23-01-27",
    "infak": "1000000",
    "nama": "Hamba Allah"
  },
  {
    "tanggal": "23-01-27",
    "infak": "200000",
    "nama": "Musfa Erliati (buku)"
  },
  {
    "tanggal": "23-01-27",
    "infak": "500000",
    "nama": "Tek Rahmida"
  },
  {
    "tanggal": "23-01-29",
    "infak": "10000000",
    "nama": "Om Man dan Tante Yeni"
  },
  {
    "tanggal": "23-01-29",
    "infak": "1700000",
    "nama": "Afif a.n. Mas Kris & Uni Melly 1jt, Hamba Allah 700rb (buku)"
  },
  {
    "tanggal": "23-02-01",
    "infak": "100000",
    "nama": "Uni Deni (buku)"
  },
  {
    "tanggal": "23-02-01",
    "infak": "200000",
    "nama": "Icha (buku)"
  },
  {
    "tanggal": "23-02-03",
    "infak": "5000000",
    "nama": "Retni Yonti"
  },
  {
    "tanggal": "23-02-03",
    "infak": "500000",
    "nama": "Fifita Mazni"
  },
  {
    "tanggal": "23-02-06",
    "infak": "300000",
    "nama": "Tante Nit"
  },
  {
    "tanggal": "23-02-07",
    "infak": "1000000",
    "nama": "Icha"
  },
  {
    "tanggal": "23-02-08",
    "infak": "1000000",
    "nama": "Gus Pariaman"
  },
  {
    "tanggal": "23-02-10",
    "infak": "10000000",
    "nama": "Ady Sasmita"
  },
  {
    "tanggal": "23-02-12",
    "infak": "2500000",
    "nama": "Yarman"
  },
  {
    "tanggal": "23-03-02",
    "infak": "1000000",
    "nama": "RM Karabu Baluik Nit"
  },
  {
    "tanggal": "23-03-02",
    "infak": "100000",
    "nama": "Desnita Fatma"
  },
  {
    "tanggal": "23-03-03",
    "infak": "16000000",
    "nama": "Mazman Mazni"
  },
  {
    "tanggal": "23-03-04",
    "infak": "50000000",
    "nama": "Klg Irwandy (pintu jendela)"
  },
  {
    "tanggal": "23-03-04",
    "infak": "100000",
    "nama": "Uni Deni"
  },
  {
    "tanggal": "23-03-08",
    "infak": "2500000",
    "nama": "Yarman Mazni"
  },
  {
    "tanggal": "23-03-13",
    "infak": "15000000",
    "nama": "Mazman Mazni (pintu jendela)"
  },
  {
    "tanggal": "23-03-16",
    "infak": "300000",
    "nama": "Mazman (keramik)"
  },
  {
    "tanggal": "23-03-16",
    "infak": "300000",
    "nama": "Arjeny (keramik)"
  },
  {
    "tanggal": "23-03-16",
    "infak": "300000",
    "nama": "almh Mus (keramik)"
  },
  {
    "tanggal": "23-03-16",
    "infak": "500000",
    "nama": "Hurianis (keramik)"
  },
  {
    "tanggal": "23-03-16",
    "infak": "500000",
    "nama": "Hamba Allah (keramik)"
  },
  {
    "tanggal": "23-03-16",
    "infak": "300000",
    "nama": "Egi (keramik)"
  },
  {
    "tanggal": "23-03-17",
    "infak": "300000",
    "nama": "Musfa (keramik)"
  },
  {
    "tanggal": "23-03-17",
    "infak": "600000",
    "nama": "Retni (keramik)"
  },
  {
    "tanggal": "23-03-17",
    "infak": "300000",
    "nama": "Hamba Allah (keramik)"
  },
  {
    "tanggal": "23-03-17",
    "infak": "500000",
    "nama": "Willy (keramik)"
  },
  {
    "tanggal": "23-03-18",
    "infak": "300000",
    "nama": "Hamba Allah (keramik)"
  },
  {
    "tanggal": "23-03-24",
    "infak": "500000",
    "nama": "Retni (keramik)"
  },
  {
    "tanggal": "23-03-25",
    "infak": "150000",
    "nama": "almh Martina & Rustam (keramik)"
  },
  {
    "tanggal": "23-03-25",
    "infak": "150000",
    "nama": "almh Yunius (keramik)"
  },
  {
    "tanggal": "23-03-26",
    "infak": "3600000",
    "nama": "Irwandy (keramik)"
  },
  {
    "tanggal": "23-03-26",
    "infak": "150000",
    "nama": "Risnita (keramik)"
  },
  {
    "tanggal": "23-03-26",
    "infak": "500000",
    "nama": "Melly (keramik)"
  },
  {
    "tanggal": "23-03-26",
    "infak": "4000000",
    "nama": "Monica (keramik)"
  },
  {
    "tanggal": "23-03-26",
    "infak": "10000000",
    "nama": "Monica"
  },
  {
    "tanggal": "23-03-26",
    "infak": "150000",
    "nama": "Desnita Fatma (keramik)"
  },
  {
    "tanggal": "23-03-27",
    "infak": "1000000",
    "nama": "Hamba Allah (keramik)"
  },
  {
    "tanggal": "23-03-27",
    "infak": "500000",
    "nama": "Hamba Allah (keramik)"
  },
  {
    "tanggal": "23-03-28",
    "infak": "500000",
    "nama": "Masman Mazni (keramik)"
  },
  {
    "tanggal": "23-03-30",
    "infak": "1100000",
    "nama": "Hamba Allah"
  },
  {
    "tanggal": "23-04-02",
    "infak": "2500000",
    "nama": "Yarman Mazni"
  },
  {
    "tanggal": "23-04-03",
    "infak": "15500000",
    "nama": "Adisasmita (Sunda Plafon)"
  },
  {
    "tanggal": "23-04-04",
    "infak": "1000000",
    "nama": "Hamba Allah"
  },
  {
    "tanggal": "23-04-10",
    "infak": "5000000",
    "nama": "Masman Mazni"
  },
  {
    "tanggal": "23-04-10",
    "infak": "2000000",
    "nama": "Hamba Allah"
  },
  {
    "tanggal": "23-04-13",
    "infak": "500000",
    "nama": "Willy"
  },
  {
    "tanggal": "23-04-14",
    "infak": "9000000",
    "nama": "Retni Yonti"
  },
  {
    "tanggal": "23-04-15",
    "infak": "7000000",
    "nama": "Yenny (mikrofon)"
  },
  {
    "tanggal": "23-04-15",
    "infak": "300000",
    "nama": "Geny K. (keramik)"
  },
  {
    "tanggal": "23-04-16",
    "infak": "500000",
    "nama": "Hamba Allah"
  },
  {
    "tanggal": "23-04-17",
    "infak": "150000",
    "nama": "Masman M. (Karpet & pengecatan)"
  },
  {
    "tanggal": "23-04-17",
    "infak": "150000",
    "nama": "Hamba Allah (karpet & pengecatan)"
  },
  {
    "tanggal": "23-04-17",
    "infak": "150000",
    "nama": "Hamba Allah (karpet & pengecatan)"
  },
  {
    "tanggal": "23-04-17",
    "infak": "150000",
    "nama": "Retni (karpet & pengecatan)"
  },
  {
    "tanggal": "23-04-17",
    "infak": "150000",
    "nama": "Irwandy (karpet & pengecatan)"
  },
  {
    "tanggal": "23-04-17",
    "infak": "150000",
    "nama": "Yohasman (karpet & pengecatan)"
  },
  {
    "tanggal": "23-04-17",
    "infak": "150000",
    "nama": "Monica (karpet & pengecatan)"
  },
  {
    "tanggal": "23-04-16",
    "infak": "500000",
    "nama": "Hamba Allah (karpet & pengecatan)"
  },
  {
    "tanggal": "23-04-17",
    "infak": "150000",
    "nama": "Yulmazri (alm) (karpet & pengecatan)"
  },
  {
    "tanggal": "23-04-17",
    "infak": "150000",
    "nama": "Asmemi (alm) (karpet & pengecatan)"
  },
  {
    "tanggal": "23-04-17",
    "infak": "150000",
    "nama": "Hamba Allah (karpet & pengecatan)"
  },
  {
    "tanggal": "23-04-17",
    "infak": "150000",
    "nama": "Desnita F. (Karpet & pengecatan)"
  },
  {
    "tanggal": "23-04-17",
    "infak": "150000",
    "nama": "Hamba Allah (karpet & pengecatan)"
  },
  {
    "tanggal": "23-04-17",
    "infak": "1000000",
    "nama": "Mus (almh) (karpet & pengecatan)"
  },
  {
    "tanggal": "23-04-17",
    "infak": "150000",
    "nama": "Noverman (karpet & pengecatan)"
  },
  {
    "tanggal": "23-04-17",
    "infak": "150000",
    "nama": "Hery (karpet & pengecatan)"
  },
  {
    "tanggal": "23-04-17",
    "infak": "150000",
    "nama": "Ellyta (karpet & pengecatan)"
  },
  {
    "tanggal": "23-04-17",
    "infak": "150000",
    "nama": "Yunius AR (alm) (karpet & pengecetan)"
  },
  {
    "tanggal": "23-04-18",
    "infak": "150000",
    "nama": "Yarman (karpet & pengecetan)"
  },
  {
    "tanggal": "23-04-18",
    "infak": "615000",
    "nama": "Hamba Allah (karpet & pengecetan)"
  },
  {
    "tanggal": "23-04-18",
    "infak": "150000",
    "nama": "Risnita F. (Karpet & pengecatan)"
  },
  {
    "tanggal": "23-04-18",
    "infak": "150000",
    "nama": "Desi O. (Karpet & pengecatan)"
  },
  {
    "tanggal": "23-04-18",
    "infak": "300000",
    "nama": "Hamba Allah (keramik)"
  },
  {
    "tanggal": "23-04-18",
    "infak": "150000",
    "nama": "Musfa Erliati"
  },
  {
    "tanggal": "23-04-20",
    "infak": "150000",
    "nama": "Alm Rustam dan Martina"
  },
  {
    "tanggal": "23-04-20",
    "infak": "150000",
    "nama": "Hamba Allah"
  },
  {
    "tanggal": "23-04-26",
    "infak": "1000000",
    "nama": "Zul Yunus"
  },
  {
    "tanggal": "23-05-02",
    "infak": "2000000",
    "nama": "Retni Yonti (kasur dan seprei)"
  },
  {
    "tanggal": "23-05-02",
    "infak": "2140000",
    "nama": "Masman Mazni (kasur dan seprei)"
  },
  {
    "tanggal": "23-05-04",
    "infak": "2000000",
    "nama": "Masman Mazni (Operasional Pesantren Bulanan)"
  },
  {
    "tanggal": "23-05-04",
    "infak": "100000",
    "nama": "Uni Deni (Operasional Pesantren Bulanan)"
  },
  {
    "tanggal": "23-05-04",
    "infak": "7500000",
    "nama": "Irwandy (Operasional Pesantren Bulanan)"
  },
  {
    "tanggal": "23-05-04",
    "infak": "200000",
    "nama": "Risnita Fatma (Operasional Pesantren Bulanan)"
  },
  {
    "tanggal": "23-05-04",
    "infak": "300000",
    "nama": "Zelfia (Operasional Pesantren Bulanan)"
  },
  {
    "tanggal": "23-05-04",
    "infak": "800000",
    "nama": "Yonti, Yos, Gina, Monica (Operasional Pesantren Bulanan)"
  },
  {
    "tanggal": "23-05-04",
    "infak": "200000",
    "nama": "Hamba Allah (Operasional Pesantren Bulanan)"
  },
  {
    "tanggal": "23-05-04",
    "infak": "200000",
    "nama": "Hamba Allah (Operasional Pesantren Bulanan)"
  },
  {
    "tanggal": "23-05-25",
    "infak": "200000",
    "nama": "Fifi (Operasional Pesantren Bulanan)"
  },
  {
    "tanggal": "23-05-25",
    "infak": "200000",
    "nama": "Alm. Yulmazri (Operasional Pesantren Bulanan)"
  },
  {
    "tanggal": "23-05-30",
    "infak": "2000000",
    "nama": "Mazman M. (Operasional Pesantren Bulanan)"
  },
  {
    "tanggal": "23-05-31",
    "infak": "100000",
    "nama": "Uni Deni (Operasional Pesantren Bulanan)"
  },
  {
    "tanggal": "23-06-01",
    "infak": "200000",
    "nama": "Zelfia (Operasional Pesantren Bulanan)"
  },
  {
    "tanggal": "23-06-01",
    "infak": "150000",
    "nama": "Ninit (Operasional Pesantren Bulanan)"
  },
  {
    "tanggal": "23-06-02",
    "infak": "200000",
    "nama": "Hamba Allah (Operasional Pesantren Bulanan)"
  },
  {
    "tanggal": "23-06-03",
    "infak": "600000",
    "nama": "Retni, Om Yos dan Gina (Operasional Pesantren Bulanan)"
  },
  {
    "tanggal": "23-06-03",
    "infak": "5000000",
    "nama": "Monica (Operasional Pesantren Bulanan)"
  },
  {
    "tanggal": "23-06-03",
    "infak": "10000000",
    "nama": "Monica (Keramik Lantai dan Dinding Tempat Wudhu)"
  },
  {
    "tanggal": "23-06-03",
    "infak": "2500000",
    "nama": "Om Yan (Operasional Pesantren Bulanan)"
  },
  {
    "tanggal": "23-06-03",
    "infak": "7500000",
    "nama": "Irwandy (Operasional Pesantren Bulanan)"
  },
  {
    "tanggal": "23-06-05",
    "infak": "500000",
    "nama": "Hamba Allah (Keramik Lantai dan Dinding Tempat Wudhu)"
  },
  {
    "tanggal": "23-06-05",
    "infak": "200000",
    "nama": "Fahlevi M. (Keramik Lantai dan Dinding Tempat Wudhu)"
  },
  {
    "tanggal": "23-06-07",
    "infak": "250000",
    "nama": "Hamba Allah (Keramik Lantai dan Dinding Tempat Wudhu)"
  },
  {
    "tanggal": "23-06-08",
    "infak": "200000",
    "nama": "Hamba Allah (Operasional Pesantren Bulanan)"
  },
  {
    "tanggal": "23-06-16",
    "infak": "1500000",
    "nama": "Monica (Keramik Lantai dan Dinding Tempat Wudhu)"
  },
  {
    "tanggal": "23-06-25",
    "infak": "500000",
    "nama": "Willy (Keramik Lantai dan Dinding Tempat Wudhu"
  },
  {
    "tanggal": "23-06-26",
    "infak": "500000",
    "nama": "Hamba Allah (Keramik Lantai dan Dinding Tempat Wudhu)"
  },
  {
    "tanggal": "23-06-29",
    "infak": "4000000",
    "nama": "Adisasmita (Operasional Pesantren Bulanan)"
  },
  {
    "tanggal": "23-06-30",
    "infak": "3000000",
    "nama": "Klg. Cilandak (Operasional Pesantren Bulanan)"
  },
  {
    "tanggal": "23-06-30",
    "infak": "500000",
    "nama": "Willy (Keramik Lantai dan Dinding Tempat Wudhu)"
  },
  {
    "tanggal": "23-06-30",
    "infak": "250000",
    "nama": "Hamba Allah (Operasional Pesantren Bulanan)"
  },
  {
    "tanggal": "23-06-30",
    "infak": "100000",
    "nama": "Uni Deni (Operasional Pesantren Bulanan)"
  },
  {
    "tanggal": "23-06-30",
    "infak": "500000",
    "nama": "Musfa Erliati (Keramik Lantai dan Dinding Tempat Wudhu)"
  }
]